RMSDD,SDNN,condition,actualCondition
33.3555481530823,0.2597843773311128,0,0
44.360656756498415,0.32167636659552773,0,0
35.63576023333033,0.3029709280111784,0,1
31.638743669907328,0.24605734633835832,0,1
